Customer Login, Acceso de clientes
Forgot your password?, Olvidaste tu contrase침a?
Need an account?, No tienes cuenta?
Create New, Crea una nueva
Loading..., Cargando...
Email, Correo
Password, Contrase침a
Login, Accesar
Login successful., Acceso correcto.
This is a required field., Este es un campo obligatorio.
Create New Account, Crear Nueva Cuenta
Personal Information, Informaci칩n Personal
Sign-in Information, Informaci칩n de Acceso
Confirm Password, Confirmar
Last Name, Apellido
First Name, Nombre
Create an Account, Crear Cuenta